{
  "minSdkVersion": 21.0,
  "viewBindingEnabled": false,
  "libraries": "[{\"declaration\":\"androidx.arch.core:core-runtime:2.1.0\",\"sourceFile\":\"/storage/emulated/0/Android/data/com.tyron.code/files/cache/google-maven/androidx/arch/core/core-runtime/2.1.0/core-runtime-2.1.0.aar\"},{\"declaration\":\"androidx.customview:customview:1.1.0\",\"sourceFile\":\"/storage/emulated/0/Android/data/com.tyron.code/files/cache/google-maven/androidx/customview/customview/1.1.0/customview-1.1.0.aar\"},{\"declaration\":\"androidx.lifecycle:lifecycle-livedata:2.0.0\",\"sourceFile\":\"/storage/emulated/0/Android/data/com.tyron.code/files/cache/google-maven/androidx/lifecycle/lifecycle-livedata/2.0.0/lifecycle-livedata-2.0.0.aar\"},{\"declaration\":\"androidx.fragment:fragment:1.3.6\",\"sourceFile\":\"/storage/emulated/0/Android/data/com.tyron.code/files/cache/google-maven/androidx/fragment/fragment/1.3.6/fragment-1.3.6.aar\"},{\"declaration\":\"androidx.slidingpanelayout:slidingpanelayout:1.0.0\",\"sourceFile\":\"/storage/emulated/0/Android/data/com.tyron.code/files/cache/google-maven/androidx/slidingpanelayout/slidingpanelayout/1.0.0/slidingpanelayout-1.0.0.aar\"},{\"declaration\":\"androidx.asynclayoutinflater:asynclayoutinflater:1.0.0\",\"sourceFile\":\"/storage/emulated/0/Android/data/com.tyron.code/files/cache/google-maven/androidx/asynclayoutinflater/asynclayoutinflater/1.0.0/asynclayoutinflater-1.0.0.aar\"},{\"declaration\":\"androidx.activity:activity:1.2.4\",\"sourceFile\":\"/storage/emulated/0/Android/data/com.tyron.code/files/cache/google-maven/androidx/activity/activity/1.2.4/activity-1.2.4.aar\"},{\"declaration\":\"androidx.lifecycle:lifecycle-viewmodel:2.3.1\",\"sourceFile\":\"/storage/emulated/0/Android/data/com.tyron.code/files/cache/google-maven/androidx/lifecycle/lifecycle-viewmodel/2.3.1/lifecycle-viewmodel-2.3.1.aar\"},{\"declaration\":\"androidx.coordinatorlayout:coordinatorlayout:1.1.0\",\"sourceFile\":\"/storage/emulated/0/Android/data/com.tyron.code/files/cache/google-maven/androidx/coordinatorlayout/coordinatorlayout/1.1.0/coordinatorlayout-1.1.0.aar\"},{\"declaration\":\"androidx.appcompat:appcompat:1.3.1\",\"sourceFile\":\"/storage/emulated/0/Android/data/com.tyron.code/files/cache/google-maven/androidx/appcompat/appcompat/1.3.1/appcompat-1.3.1.aar\"},{\"declaration\":\"androidx.interpolator:interpolator:1.0.0\",\"sourceFile\":\"/storage/emulated/0/Android/data/com.tyron.code/files/cache/google-maven/androidx/interpolator/interpolator/1.0.0/interpolator-1.0.0.aar\"},{\"declaration\":\"androidx.viewpager:viewpager:1.0.0\",\"sourceFile\":\"/storage/emulated/0/Android/data/com.tyron.code/files/cache/google-maven/androidx/viewpager/viewpager/1.0.0/viewpager-1.0.0.aar\"},{\"declaration\":\"androidx.cardview:cardview:1.0.0\",\"sourceFile\":\"/storage/emulated/0/Android/data/com.tyron.code/files/cache/google-maven/androidx/cardview/cardview/1.0.0/cardview-1.0.0.aar\"},{\"declaration\":\"androidx.constraintlayout:constraintlayout-solver:2.0.1\",\"sourceFile\":\"/storage/emulated/0/Android/data/com.tyron.code/files/cache/google-maven/androidx/constraintlayout/constraintlayout-solver/2.0.1/constraintlayout-solver-2.0.1.jar\"},{\"declaration\":\"androidx.arch.core:core-common:2.1.0\",\"sourceFile\":\"/storage/emulated/0/Android/data/com.tyron.code/files/cache/google-maven/androidx/arch/core/core-common/2.1.0/core-common-2.1.0.jar\"},{\"declaration\":\"androidx.drawerlayout:drawerlayout:1.1.1\",\"sourceFile\":\"/storage/emulated/0/Android/data/com.tyron.code/files/cache/google-maven/androidx/drawerlayout/drawerlayout/1.1.1/drawerlayout-1.1.1.aar\"},{\"declaration\":\"androidx.savedstate:savedstate:1.1.0\",\"sourceFile\":\"/storage/emulated/0/Android/data/com.tyron.code/files/cache/google-maven/androidx/savedstate/savedstate/1.1.0/savedstate-1.1.0.aar\"},{\"declaration\":\"androidx.annotation:annotation-experimental:1.0.0\",\"sourceFile\":\"/storage/emulated/0/Android/data/com.tyron.code/files/cache/google-maven/androidx/annotation/annotation-experimental/1.0.0/annotation-experimental-1.0.0.aar\"},{\"declaration\":\"androidx.legacy:legacy-support-core-ui:1.0.0\",\"sourceFile\":\"/storage/emulated/0/Android/data/com.tyron.code/files/cache/google-maven/androidx/legacy/legacy-support-core-ui/1.0.0/legacy-support-core-ui-1.0.0.aar\"},{\"declaration\":\"androidx.lifecycle:lifecycle-common:2.3.1\",\"sourceFile\":\"/storage/emulated/0/Android/data/com.tyron.code/files/cache/google-maven/androidx/lifecycle/lifecycle-common/2.3.1/lifecycle-common-2.3.1.jar\"},{\"declaration\":\"androidx.core:core:1.5.0\",\"sourceFile\":\"/storage/emulated/0/Android/data/com.tyron.code/files/cache/google-maven/androidx/core/core/1.5.0/core-1.5.0.aar\"},{\"declaration\":\"androidx.lifecycle:lifecycle-livedata-core:2.3.1\",\"sourceFile\":\"/storage/emulated/0/Android/data/com.tyron.code/files/cache/google-maven/androidx/lifecycle/lifecycle-livedata-core/2.3.1/lifecycle-livedata-core-2.3.1.aar\"},{\"declaration\":\"androidx.transition:transition:1.2.0\",\"sourceFile\":\"/storage/emulated/0/Android/data/com.tyron.code/files/cache/google-maven/androidx/transition/transition/1.2.0/transition-1.2.0.aar\"},{\"declaration\":\"androidx.tracing:tracing:1.0.0\",\"sourceFile\":\"/storage/emulated/0/Android/data/com.tyron.code/files/cache/google-maven/androidx/tracing/tracing/1.0.0/tracing-1.0.0.aar\"},{\"declaration\":\"androidx.swiperefreshlayout:swiperefreshlayout:1.0.0\",\"sourceFile\":\"/storage/emulated/0/Android/data/com.tyron.code/files/cache/google-maven/androidx/swiperefreshlayout/swiperefreshlayout/1.0.0/swiperefreshlayout-1.0.0.aar\"},{\"declaration\":\"androidx.appcompat:appcompat-resources:1.3.1\",\"sourceFile\":\"/storage/emulated/0/Android/data/com.tyron.code/files/cache/google-maven/androidx/appcompat/appcompat-resources/1.3.1/appcompat-resources-1.3.1.aar\"},{\"declaration\":\"androidx.localbroadcastmanager:localbroadcastmanager:1.0.0\",\"sourceFile\":\"/storage/emulated/0/Android/data/com.tyron.code/files/cache/google-maven/androidx/localbroadcastmanager/localbroadcastmanager/1.0.0/localbroadcastmanager-1.0.0.aar\"},{\"declaration\":\"androidx.documentfile:documentfile:1.0.0\",\"sourceFile\":\"/storage/emulated/0/Android/data/com.tyron.code/files/cache/google-maven/androidx/documentfile/documentfile/1.0.0/documentfile-1.0.0.aar\"},{\"declaration\":\"androidx.vectordrawable:vectordrawable:1.1.0\",\"sourceFile\":\"/storage/emulated/0/Android/data/com.tyron.code/files/cache/google-maven/androidx/vectordrawable/vectordrawable/1.1.0/vectordrawable-1.1.0.aar\"},{\"declaration\":\"com.google.android.material:material:1.6.0\",\"sourceFile\":\"/storage/emulated/0/Android/data/com.tyron.code/files/cache/google-maven/com/google/android/material/material/1.6.0/material-1.6.0.aar\"},{\"declaration\":\"androidx.annotation:annotation:1.2.0\",\"sourceFile\":\"/storage/emulated/0/Android/data/com.tyron.code/files/cache/google-maven/androidx/annotation/annotation/1.2.0/annotation-1.2.0.jar\"},{\"declaration\":\"androidx.lifecycle:lifecycle-runtime:2.3.1\",\"sourceFile\":\"/storage/emulated/0/Android/data/com.tyron.code/files/cache/google-maven/androidx/lifecycle/lifecycle-runtime/2.3.1/lifecycle-runtime-2.3.1.aar\"},{\"declaration\":\"androidx.collection:collection:1.1.0\",\"sourceFile\":\"/storage/emulated/0/Android/data/com.tyron.code/files/cache/google-maven/androidx/collection/collection/1.1.0/collection-1.1.0.jar\"},{\"declaration\":\"androidx.viewpager2:viewpager2:1.0.0\",\"sourceFile\":\"/storage/emulated/0/Android/data/com.tyron.code/files/cache/google-maven/androidx/viewpager2/viewpager2/1.0.0/viewpager2-1.0.0.aar\"},{\"declaration\":\"androidx.cursoradapter:cursoradapter:1.0.0\",\"sourceFile\":\"/storage/emulated/0/Android/data/com.tyron.code/files/cache/google-maven/androidx/cursoradapter/cursoradapter/1.0.0/cursoradapter-1.0.0.aar\"},{\"declaration\":\"androidx.print:print:1.0.0\",\"sourceFile\":\"/storage/emulated/0/Android/data/com.tyron.code/files/cache/google-maven/androidx/print/print/1.0.0/print-1.0.0.aar\"},{\"declaration\":\"androidx.dynamicanimation:dynamicanimation:1.0.0\",\"sourceFile\":\"/storage/emulated/0/Android/data/com.tyron.code/files/cache/google-maven/androidx/dynamicanimation/dynamicanimation/1.0.0/dynamicanimation-1.0.0.aar\"},{\"declaration\":\"androidx.recyclerview:recyclerview:1.1.0\",\"sourceFile\":\"/storage/emulated/0/Android/data/com.tyron.code/files/cache/google-maven/androidx/recyclerview/recyclerview/1.1.0/recyclerview-1.1.0.aar\"},{\"declaration\":\"androidx.loader:loader:1.0.0\",\"sourceFile\":\"/storage/emulated/0/Android/data/com.tyron.code/files/cache/google-maven/androidx/loader/loader/1.0.0/loader-1.0.0.aar\"},{\"declaration\":\"androidx.vectordrawable:vectordrawable-animated:1.1.0\",\"sourceFile\":\"/storage/emulated/0/Android/data/com.tyron.code/files/cache/google-maven/androidx/vectordrawable/vectordrawable-animated/1.1.0/vectordrawable-animated-1.1.0.aar\"},{\"declaration\":\"androidx.lifecycle:lifecycle-viewmodel-savedstate:2.3.1\",\"sourceFile\":\"/storage/emulated/0/Android/data/com.tyron.code/files/cache/google-maven/androidx/lifecycle/lifecycle-viewmodel-savedstate/2.3.1/lifecycle-viewmodel-savedstate-2.3.1.aar\"},{\"declaration\":\"androidx.legacy:legacy-support-core-utils:1.0.0\",\"sourceFile\":\"/storage/emulated/0/Android/data/com.tyron.code/files/cache/google-maven/androidx/legacy/legacy-support-core-utils/1.0.0/legacy-support-core-utils-1.0.0.aar\"},{\"declaration\":\"androidx.constraintlayout:constraintlayout:2.0.1\",\"sourceFile\":\"/storage/emulated/0/Android/data/com.tyron.code/files/cache/google-maven/androidx/constraintlayout/constraintlayout/2.0.1/constraintlayout-2.0.1.aar\"},{\"declaration\":\"androidx.versionedparcelable:versionedparcelable:1.1.1\",\"sourceFile\":\"/storage/emulated/0/Android/data/com.tyron.code/files/cache/google-maven/androidx/versionedparcelable/versionedparcelable/1.1.1/versionedparcelable-1.1.1.aar\"}]",
  "useR8": false,
  "targetSdkVersion": 30.0,
  "versionName": "1.0",
  "versionCode": 1.0,
  "zipAlignEnabled": false
}